Number of features,Accuracy_SRPBS,Accuracy_OPP,Precision_SRPBS,Precision_OPP,Recall_SRPBS,Recall_OPP
30,78.14102564102565,59.67741935483872,79.6031746031746,57.7626273327052,76.67460317460318,50.68965517241379
